instance,total,n0,ub0,n4,ub4,average_ub0,average_ub4
room-32-32-4&&200,50,50,121.81921,50,114.43969000000004,2.4363842,2.288793800000001
