instance,total,n0,ub0,n4,ub4,average_ub0,average_ub4
room-32-32-4&&200,50,50,115.50138000000003,50,113.86120000000003,2.3100276000000006,2.2772240000000004
