instance,total,n0,ub0,n4,ub4,average_ub0,average_ub4
random-32-32-10&&400,51,51,96.49768,51,93.67884,1.89211,1.83684
maze-128-128-1&&300,51,47,135.00066999999996,50,142.42014,2.87235,2.8484
maze-128-128-1&&200,10,10,19.75819,10,17.975659999999998,1.97582,1.79757
